
insert into opinion values (1, TO_DATE('2006-01-21', 'YYYY-MM-DD'), 'me confunde', 'Ut tellus.', 'vivamus', 'wkidston0@reddit.com', 'Devolved');
insert into opinion values (2, TO_DATE('2010-01-21', 'YYYY-MM-DD'), 'me encanta', 'Etiam justo.', 'felis', 'mdaventry1@php.net', 'collaboration');
insert into opinion values (3, TO_DATE('2015-01-21', 'YYYY-MM-DD'), 'me encanta', 'Nulla nisl.', 'hac', 'cortas2@mtv.com', 'Operative');
insert into opinion values (4, TO_DATE('2011-01-21', 'YYYY-MM-DD'), 'me confunde', 'Sed ante.', 'nullam', 'ayashunin3@mediafire.com', 'logistical');
insert into opinion values (5, TO_DATE('2010-01-21', 'YYYY-MM-DD'), 'me gusta', 'Mauris enim leo.', 'eget', 'ajarmain4@yolasite.com', 'project');
insert into opinion values (6, TO_DATE('2003-01-21', 'YYYY-MM-DD'), 'me confunde', 'Morbi  justo.', 'scisque', 'mabreheart5@techcrunch.com', 'capability');
insert into opinion values (7, TO_DATE('2001-01-21', 'YYYY-MM-DD'), 'me gusta', 'In platea.', 'mauris', 'sdagon6@youtu.be', 'Innovative');
insert into opinion values (8, TO_DATE('2002-01-21', 'YYYY-MM-DD'), 'me encanta', 'In hac platea .', 'amet', 'lgoater7@ucoz.com', 'software');
insert into opinion values (9, TO_DATE('2010-01-21', 'YYYY-MM-DD'), 'me gusta', 'Nulla neque.', 'vel', 'zbatteson8@patch.com', 'static');
insert into opinion values (10, TO_DATE('2020-01-21', 'YYYY-MM-DD'), 'me gusta', 'Morbi a ipsum.', 'interdum', 'jmccart9@mozilla.com', 'support');



insert into perfil values ('wkidston0@reddit.com', 'Chet Louisot', 1);
insert into perfil values ('mdaventry1@php.net', 'Katha Corteney', 0);
insert into perfil values ('cortas2@mtv.com', 'Marje Langdale', 0);
insert into perfil values ('ayashunin3@mediafire.com','Ariella Earwaker', 0);
insert into perfil values ('ajarmain4@yolasite.com', 'Flori Munning', 0);
insert into perfil values ('mabreheart5@techcrunch.com', 'Merline McDonell', 0);
insert into perfil values ('sdagon6@youtu.be', 'Christine Rand', 0);
insert into perfil values ('lgoater7@ucoz.com', 'Daffie Hardstaff', 1);
insert into perfil values ('zbatteson8@patch.com', 'Stern Bixley', 0);
insert into perfil values ('jmccart9@mozilla.com', 'Heinrick Corringham', 1);


insert into adjetivo values (1, 'Switchable');
insert into adjetivo values (2, 'Monitored');
insert into adjetivo values (3, 'Self-enabling');
insert into adjetivo values (4, 'zero');
insert into adjetivo values (5, 'benchmak');
insert into adjetivo values (6, 'projection');
insert into adjetivo values (7, 'leading edge');
insert into adjetivo values (8, 'initiative');
insert into adjetivo values (9, 'fresh-think');
insert into adjetivo values (10, 'bifurcated');


insert into consulta values (TO_DATE('2006-01-21', 'YYYY-MM-DD'), 'wkidston0@reddit.com', 'ipsum');
insert into consulta values (TO_DATE('2010-01-21', 'mdaventry1@php.net', 'lacus');
insert into consulta values (TO_DATE('2015-01-21', 'YYYY-MM-DD'), 'cortas2@mtv.com', 'purus eu');
insert into consulta values (TO_DATE('2015-01-21', 'YYYY-MM-DD'), 'ayashunin3@mediafire.com', 'volutpat eleifend');
insert into consulta values (TO_DATE('2011-01-21', 'YYYY-MM-DD'), 'ajarmain4@yolasite.com', 'non mauris');
insert into consulta values (TO_DATE('2010-01-21', 'YYYY-MM-DD'), 'mabreheart5@techcrunch.com', 'magna ac');
insert into consulta values (TO_DATE('2003-01-21', 'YYYY-MM-DD'), 'sdagon6@youtu.be', 'curae');
insert into consulta values (TO_DATE('2001-01-21', 'YYYY-MM-DD'), 'lgoater7@ucoz.com', 'pede posuere');
insert into consulta values (TO_DATE('2002-01-21', 'YYYY-MM-DD'), 'zbatteson8@patch.com', 'phasellus in');
insert into consulta values (TO_DATE('2020-01-21', 'YYYY-MM-DD'), 'jmccart9@mozilla.com', 'metus');


insert into temporal values ('incremental',TO_DATE('2006-01-21', 'YYYY-MM-DD'), 'https://macromedia.com/fermentum/justo/nec/condimentum.xml', 'audio','wkidston0@reddit.com', 3.55, 'chino');
insert into temporal values ('Secured', TO_DATE('2010-01-21', 'YYYY-MM-DD'), 'https://cornell.edu/vestibulum/quam', 'video','mdaventry1@php.net', '8.46', 'frances');
insert into temporal values ('static', TO_DATE('2015-01-21', 'YYYY-MM-DD'), 'http://bloglines.com/massa/tempor/convallis.jpg?nec=s', 'video','cortas2@mtv.com', '0.48', 'ingles');
insert into temporal values ('collaboration', TO_DATE('2015-01-21', 'YYYY-MM-DD'), 'https://intel.com/lobortis.jpg?in=nisi&tempus=nam&sit=ultrices', 'video','ayashunin3@mediafire.com', '1.72', 'chino');
insert into temporal values ('Intuitive',TO_DATE('2011-01-21', 'YYYY-MM-DD'), 'https://webs.com/auctor/gravida/', 'video','ajarmain4@yolasite.com', '2.45', 'japones');
insert into temporal values ('model', TO_DATE('2010-01-21', 'YYYY-MM-DD'), 'https://yolasite.com/tellus/semper.xml', 'audio','mabreheart5@techcrunch.com', '0.69', 'aleman');
insert into temporal values ('alliance', TO_DATE('2003-01-21', 'YYYY-MM-DD'), 'https://cnn.com/at/turpis/donec/posuere/', 'video','sdagon6@youtu.be', '0.68', 'aleman');
insert into temporal values ('intangible', TO_DATE('2001-01-21', 'YYYY-MM-DD'), 'https://1und1.de/', 'video','lgoater7@ucoz.com', '2.27', 'aleman');
insert into temporal values ('real-time', TO_DATE('2002-01-21', 'YYYY-MM-DD'), 'https://tinyurl.com/i', 'audio','zbatteson8@patch.com', '8.34', 'espanol');
insert into temporal values ('application', TO_DATE('2020-01-21', 'YYYY-MM-DD'), 'https://stanford.edu/morbi/', 'audio','jmccart9@mozilla.com', '5.52', 'chino');

insert into etiqueta values ('incremental', 'Versatile');
insert into etiqueta values ('Secured', 'motivating');
insert into etiqueta values ('static', 'maximized');
insert into etiqueta values ('collaboration', 'Multi-layered');
insert into etiqueta values ('Intuitive', 'workforce');
insert into etiqueta values ('model', 'Customizable');
insert into etiqueta values ('alliance', 'national');
insert into etiqueta values ('intangible', 'concept');
insert into etiqueta values ('real-time', 'logistical');
insert into etiqueta values ('application', 'human-resource');


insert into tema values ('Customizable', 'wkidston0@reddit.com');
insert into tema values ('solution-oriented', 'mdaventry1@php.net');
insert into tema values ('multimedia', 'cortas2@mtv.com');
insert into tema values ('directional', 'ayashunin3@mediafire.com');
insert into tema values ('Robust', 'ajarmain4@yolasite.com');
insert into tema values ('hybrid', 'mabreheart5@techcrunch.com');
insert into tema values ('motivating', 'sdagon6@youtu.be');
insert into tema values ('Devolved', 'lgoater7@ucoz.com');
insert into tema values ('Fully-configurable', 'zbatteson8@patch.com');
insert into tema values ('software', 'jmccart9@mozilla.com');

insert into palabra values ('Customizable', 'in magna');
insert into palabra values ('solution-oriented', 'nam ultrices');
insert into palabra values ('multimedia', 'amet turpis');
insert into palabra values ('directional', 'fusce');
insert into palabra values ('Robust', 'a');
insert into palabra values ('hybrid', 'dapibus');
insert into palabra values ('motivating', 'neque duis');
insert into palabra values ('Devolved', 'habitasse platea');
insert into palabra values ('Fully-configurable', 'erat vestibulum');
insert into palabra values ('software', 'suscipit');



insert into EsPrerrequisito values ('Implemented', 'Customizable');
insert into EsPrerrequisito values ('Innovative', 'solution-oriented');
insert into EsPrerrequisito values ('intranet', 'multimedia');
insert into EsPrerrequisito values ('infrastructure', 'directional');
insert into EsPrerrequisito values ('Profound', 'Robust');
insert into EsPrerrequisito values ('system ', 'hybrid');
insert into EsPrerrequisito values ('Sharable', 'motivating');
insert into EsPrerrequisito values ('leverage', 'Devolved');
insert into EsPrerrequisito values ('composite', 'Fully-configurable');
insert into EsPrerrequisito values ('Down-sized', 'software');


insert into EsSubtema values ('Implemented', 'Networked');
insert into EsSubtema values ('Innovative', 'holistic');
insert into EsSubtema values ('intranet', 'forecast');
insert into EsSubtema values ('infrastructure', 'installation');
insert into EsSubtema values ('Profound', 'infrastructure');
insert into EsSubtema values ('system ', 'structure');
insert into EsSubtema values ('Sharable', 'Visionary');
insert into EsSubtema values ('leverage', 'improvement');
insert into EsSubtema values ('composite', 'Fully-Innovative');
insert into EsSubtema values ('Down-sized', 'matrix');


insert into asignatura values ('HURC', 'superstructure');
insert into asignatura values ('EAE', 'responsive');
insert into asignatura values ('TECK', 'responsive');
insert into asignatura values ('LDOS', 'Public-key');
insert into asignatura values ('PTX', 'migration');
insert into asignatura values ('NHLD', 'Extended');
insert into asignatura values ('FTGC', 'Grass-roots');
insert into asignatura values ('ECCC', 'Assimilated');
insert into asignatura values ('ACTG', 'even-keeled');
insert into asignatura values ('ITG', 'portal');



insert into Trata  values ('Nivel 2', 76, 'Customizable', 'HURC');
insert into Trata  values ('Nivel 1', 8, 'solution-oriented', 'EAE');
insert into Trata  values ('Nivel 2', 91, 'multimedia', 'TECK');
insert into Trata  values ('Nivel 2', 65, 'directional', 'LDOS');
insert into Trata  values ('Nivel 2', 91, 'Robust', 'PTX');
insert into Trata  values ('Nivel 1', 98, 'hybrid', 'NHLD');
insert into Trata  values ('Nivel 2', 11, 'motivating', 'FTGC');
insert into Trata  values ('Nivel 1', 2, 'Devolved', 'ECCC');
insert into Trata  values ('Nivel 1', 34, 'Fully-configurable', 'ACTG');
insert into Trata  values ('Nivel 1', 71, 'software', 'ITG');


insert into filtro values ('id', 'posuere metus vitae ipsum');
insert into filtro values ('vestibulum', 'ultrices enim lorem ipsum');
insert into filtro values ('lacus', 'placerat praesent blandit nam');
insert into filtro values ('sit', 'ultricies eu nibh quisque id');
insert into filtro values ('nec', 'semper rutrum nulla nunc purus');
insert into filtro values ('in', 'nibh in quis justo');
insert into filtro values ('consequat', 'in leo maecenas pulvinar');
insert into filtro values ('tempus', 'nullam varius nulla facilisi cras');
insert into filtro values ('turpis', 'in felis donec semper');
insert into filtro values ('suspense', 'rutrum neque aenean');



insert into ContenidoFiltro values ('incremental', 'superstructure');
insert into ContenidoFiltro values ('Secured', 'responsive');
insert into ContenidoFiltro values ('static', 'responsive');
insert into ContenidoFiltro values ('Intuitive', 'Public-key');
insert into ContenidoFiltro values ('model', 'migration');
insert into ContenidoFiltro values ('alliance', 'Extended');
insert into ContenidoFiltro values ('intangible', 'Grass-roots');
insert into ContenidoFiltro values ('real-time', 'Assimilated');
insert into ContenidoFiltro values ('application', 'even-keeled');
insert into ContenidoFiltro values ('ITG', 'portal');
